wall_utc,node,side,seq,expect_seq,ok,detail
0,XPBD_RECV_POSITION,xpbd,0,0,1,ch20
0,XPBD_PUBLISH_FORCE,xpbd,0,0,1,ch21
0,XPBD_RECV_POSITION,xpbd,1,1,1,ch20
0,XPBD_PUBLISH_FORCE,xpbd,1,1,1,ch21
0,XPBD_RECV_POSITION,xpbd,2,2,1,ch20
0,XPBD_PUBLISH_FORCE,xpbd,2,2,1,ch21
0,XPBD_RECV_POSITION,xpbd,3,3,1,ch20
0,XPBD_PUBLISH_FORCE,xpbd,3,3,1,ch21
0,XPBD_RECV_POSITION,xpbd,4,4,1,ch20
0,XPBD_PUBLISH_FORCE,xpbd,4,4,1,ch21
0,XPBD_RECV_POSITION,xpbd,5,5,1,ch20
0,XPBD_PUBLISH_FORCE,xpbd,5,5,1,ch21
0,XPBD_RECV_POSITION,xpbd,6,6,1,ch20
0,XPBD_PUBLISH_FORCE,xpbd,6,6,1,ch21
0,XPBD_RECV_POSITION,xpbd,7,7,1,ch20
0,XPBD_PUBLISH_FORCE,xpbd,7,7,1,ch21
0,XPBD_RECV_POSITION,xpbd,8,8,1,ch20
0,XPBD_PUBLISH_FORCE,xpbd,8,8,1,ch21
0,XPBD_RECV_POSITION,xpbd,9,9,1,ch20
0,XPBD_PUBLISH_FORCE,xpbd,9,9,1,ch21
0,XPBD_RECV_POSITION,xpbd,10,10,1,ch20
0,XPBD_PUBLISH_FORCE,xpbd,10,10,1,ch21
0,XPBD_RECV_POSITION,xpbd,11,11,1,ch20
0,XPBD_PUBLISH_FORCE,xpbd,11,11,1,ch21
0,XPBD_RECV_POSITION,xpbd,12,12,1,ch20
0,XPBD_PUBLISH_FORCE,xpbd,12,12,1,ch21
0,XPBD_RECV_POSITION,xpbd,13,13,1,ch20
0,XPBD_PUBLISH_FORCE,xpbd,13,13,1,ch21
0,XPBD_RECV_POSITION,xpbd,14,14,1,ch20
0,XPBD_PUBLISH_FORCE,xpbd,14,14,1,ch21
0,XPBD_RECV_POSITION,xpbd,15,15,1,ch20
0,XPBD_PUBLISH_FORCE,xpbd,15,15,1,ch21
0,XPBD_RECV_POSITION,xpbd,16,16,1,ch20
0,XPBD_PUBLISH_FORCE,xpbd,16,16,1,ch21
0,XPBD_RECV_POSITION,xpbd,17,17,1,ch20
0,XPBD_PUBLISH_FORCE,xpbd,17,17,1,ch21
0,XPBD_RECV_POSITION,xpbd,18,18,1,ch20
0,XPBD_PUBLISH_FORCE,xpbd,18,18,1,ch21
0,XPBD_RECV_POSITION,xpbd,19,19,1,ch20
0,XPBD_PUBLISH_FORCE,xpbd,19,19,1,ch21
0,XPBD_RECV_POSITION,xpbd,20,20,1,ch20
0,XPBD_PUBLISH_FORCE,xpbd,20,20,1,ch21
0,XPBD_RECV_POSITION,xpbd,21,21,1,ch20
0,XPBD_PUBLISH_FORCE,xpbd,21,21,1,ch21
0,XPBD_RECV_POSITION,xpbd,22,22,1,ch20
0,XPBD_PUBLISH_FORCE,xpbd,22,22,1,ch21
0,XPBD_RECV_POSITION,xpbd,23,23,1,ch20
0,XPBD_PUBLISH_FORCE,xpbd,23,23,1,ch21
0,XPBD_RECV_POSITION,xpbd,24,24,1,ch20
0,XPBD_PUBLISH_FORCE,xpbd,24,24,1,ch21
0,XPBD_RECV_POSITION,xpbd,25,25,1,ch20
0,XPBD_PUBLISH_FORCE,xpbd,25,25,1,ch21
0,XPBD_RECV_POSITION,xpbd,26,26,1,ch20
0,XPBD_PUBLISH_FORCE,xpbd,26,26,1,ch21
0,XPBD_RECV_POSITION,xpbd,27,27,1,ch20
0,XPBD_PUBLISH_FORCE,xpbd,27,27,1,ch21
0,XPBD_RECV_POSITION,xpbd,28,28,1,ch20
0,XPBD_PUBLISH_FORCE,xpbd,28,28,1,ch21
0,XPBD_RECV_POSITION,xpbd,29,29,1,ch20
0,XPBD_PUBLISH_FORCE,xpbd,29,29,1,ch21
0,XPBD_RECV_POSITION,xpbd,30,30,1,ch20
0,XPBD_PUBLISH_FORCE,xpbd,30,30,1,ch21
0,XPBD_RECV_POSITION,xpbd,31,31,1,ch20
0,XPBD_PUBLISH_FORCE,xpbd,31,31,1,ch21
0,XPBD_RECV_POSITION,xpbd,32,32,1,ch20
0,XPBD_PUBLISH_FORCE,xpbd,32,32,1,ch21
0,XPBD_RECV_POSITION,xpbd,33,33,1,ch20
0,XPBD_PUBLISH_FORCE,xpbd,33,33,1,ch21
0,XPBD_RECV_POSITION,xpbd,34,34,1,ch20
0,XPBD_PUBLISH_FORCE,xpbd,34,34,1,ch21
0,XPBD_RECV_POSITION,xpbd,35,35,1,ch20
0,XPBD_PUBLISH_FORCE,xpbd,35,35,1,ch21
0,XPBD_RECV_POSITION,xpbd,36,36,1,ch20
0,XPBD_PUBLISH_FORCE,xpbd,36,36,1,ch21
0,XPBD_RECV_POSITION,xpbd,37,37,1,ch20
0,XPBD_PUBLISH_FORCE,xpbd,37,37,1,ch21
0,XPBD_RECV_POSITION,xpbd,38,38,1,ch20
0,XPBD_PUBLISH_FORCE,xpbd,38,38,1,ch21
0,XPBD_RECV_POSITION,xpbd,39,39,1,ch20
0,XPBD_PUBLISH_FORCE,xpbd,39,39,1,ch21
0,XPBD_RECV_POSITION,xpbd,40,40,1,ch20
0,XPBD_PUBLISH_FORCE,xpbd,40,40,1,ch21
0,XPBD_RECV_POSITION,xpbd,41,41,1,ch20
0,XPBD_PUBLISH_FORCE,xpbd,41,41,1,ch21
0,XPBD_RECV_POSITION,xpbd,42,42,1,ch20
0,XPBD_PUBLISH_FORCE,xpbd,42,42,1,ch21
0,XPBD_RECV_POSITION,xpbd,43,43,1,ch20
0,XPBD_PUBLISH_FORCE,xpbd,43,43,1,ch21
0,XPBD_RECV_POSITION,xpbd,44,44,1,ch20
0,XPBD_PUBLISH_FORCE,xpbd,44,44,1,ch21
0,XPBD_RECV_POSITION,xpbd,45,45,1,ch20
0,XPBD_PUBLISH_FORCE,xpbd,45,45,1,ch21
0,XPBD_RECV_POSITION,xpbd,46,46,1,ch20
0,XPBD_PUBLISH_FORCE,xpbd,46,46,1,ch21
0,XPBD_RECV_POSITION,xpbd,47,47,1,ch20
0,XPBD_PUBLISH_FORCE,xpbd,47,47,1,ch21
0,XPBD_RECV_POSITION,xpbd,48,48,1,ch20
0,XPBD_PUBLISH_FORCE,xpbd,48,48,1,ch21
0,XPBD_RECV_POSITION,xpbd,49,49,1,ch20
0,XPBD_PUBLISH_FORCE,xpbd,49,49,1,ch21
0,XPBD_RECV_POSITION,xpbd,50,50,1,ch20
0,XPBD_PUBLISH_FORCE,xpbd,50,50,1,ch21
0,XPBD_RECV_POSITION,xpbd,51,51,1,ch20
0,XPBD_PUBLISH_FORCE,xpbd,51,51,1,ch21
0,XPBD_RECV_POSITION,xpbd,52,52,1,ch20
0,XPBD_PUBLISH_FORCE,xpbd,52,52,1,ch21
0,XPBD_RECV_POSITION,xpbd,53,53,1,ch20
0,XPBD_PUBLISH_FORCE,xpbd,53,53,1,ch21
0,XPBD_RECV_POSITION,xpbd,54,54,1,ch20
0,XPBD_PUBLISH_FORCE,xpbd,54,54,1,ch21
0,XPBD_RECV_POSITION,xpbd,55,55,1,ch20
0,XPBD_PUBLISH_FORCE,xpbd,55,55,1,ch21
0,XPBD_RECV_POSITION,xpbd,56,56,1,ch20
0,XPBD_PUBLISH_FORCE,xpbd,56,56,1,ch21
0,XPBD_RECV_POSITION,xpbd,57,57,1,ch20
0,XPBD_PUBLISH_FORCE,xpbd,57,57,1,ch21
0,XPBD_RECV_POSITION,xpbd,58,58,1,ch20
0,XPBD_PUBLISH_FORCE,xpbd,58,58,1,ch21
0,XPBD_RECV_POSITION,xpbd,59,59,1,ch20
0,XPBD_PUBLISH_FORCE,xpbd,59,59,1,ch21
0,XPBD_RECV_POSITION,xpbd,60,60,1,ch20
0,XPBD_PUBLISH_FORCE,xpbd,60,60,1,ch21
0,XPBD_RECV_POSITION,xpbd,61,61,1,ch20
0,XPBD_PUBLISH_FORCE,xpbd,61,61,1,ch21
0,XPBD_RECV_POSITION,xpbd,62,62,1,ch20
0,XPBD_PUBLISH_FORCE,xpbd,62,62,1,ch21
0,XPBD_RECV_POSITION,xpbd,63,63,1,ch20
0,XPBD_PUBLISH_FORCE,xpbd,63,63,1,ch21
0,XPBD_RECV_POSITION,xpbd,64,64,1,ch20
0,XPBD_PUBLISH_FORCE,xpbd,64,64,1,ch21
0,XPBD_RECV_POSITION,xpbd,65,65,1,ch20
0,XPBD_PUBLISH_FORCE,xpbd,65,65,1,ch21
0,XPBD_RECV_POSITION,xpbd,66,66,1,ch20
0,XPBD_PUBLISH_FORCE,xpbd,66,66,1,ch21
0,XPBD_RECV_POSITION,xpbd,67,67,1,ch20
0,XPBD_PUBLISH_FORCE,xpbd,67,67,1,ch21
0,XPBD_RECV_POSITION,xpbd,68,68,1,ch20
0,XPBD_PUBLISH_FORCE,xpbd,68,68,1,ch21
0,XPBD_RECV_POSITION,xpbd,69,69,1,ch20
0,XPBD_PUBLISH_FORCE,xpbd,69,69,1,ch21
0,XPBD_RECV_POSITION,xpbd,70,70,1,ch20
0,XPBD_PUBLISH_FORCE,xpbd,70,70,1,ch21
0,XPBD_RECV_POSITION,xpbd,71,71,1,ch20
0,XPBD_PUBLISH_FORCE,xpbd,71,71,1,ch21
0,XPBD_RECV_POSITION,xpbd,72,72,1,ch20
0,XPBD_PUBLISH_FORCE,xpbd,72,72,1,ch21
0,XPBD_RECV_POSITION,xpbd,73,73,1,ch20
0,XPBD_PUBLISH_FORCE,xpbd,73,73,1,ch21
0,XPBD_RECV_POSITION,xpbd,74,74,1,ch20
0,XPBD_PUBLISH_FORCE,xpbd,74,74,1,ch21
0,XPBD_RECV_POSITION,xpbd,75,75,1,ch20
0,XPBD_PUBLISH_FORCE,xpbd,75,75,1,ch21
0,XPBD_RECV_POSITION,xpbd,76,76,1,ch20
0,XPBD_PUBLISH_FORCE,xpbd,76,76,1,ch21
0,XPBD_RECV_POSITION,xpbd,77,77,1,ch20
0,XPBD_PUBLISH_FORCE,xpbd,77,77,1,ch21
0,XPBD_RECV_POSITION,xpbd,78,78,1,ch20
0,XPBD_PUBLISH_FORCE,xpbd,78,78,1,ch21
0,XPBD_RECV_POSITION,xpbd,79,79,1,ch20
0,XPBD_PUBLISH_FORCE,xpbd,79,79,1,ch21
0,XPBD_RECV_POSITION,xpbd,80,80,1,ch20
0,XPBD_PUBLISH_FORCE,xpbd,80,80,1,ch21
0,XPBD_RECV_POSITION,xpbd,81,81,1,ch20
0,XPBD_PUBLISH_FORCE,xpbd,81,81,1,ch21
0,XPBD_RECV_POSITION,xpbd,82,82,1,ch20
0,XPBD_PUBLISH_FORCE,xpbd,82,82,1,ch21
0,XPBD_RECV_POSITION,xpbd,83,83,1,ch20
0,XPBD_PUBLISH_FORCE,xpbd,83,83,1,ch21
0,XPBD_RECV_POSITION,xpbd,84,84,1,ch20
0,XPBD_PUBLISH_FORCE,xpbd,84,84,1,ch21
0,XPBD_RECV_POSITION,xpbd,85,85,1,ch20
0,XPBD_PUBLISH_FORCE,xpbd,85,85,1,ch21
0,XPBD_RECV_POSITION,xpbd,86,86,1,ch20
0,XPBD_PUBLISH_FORCE,xpbd,86,86,1,ch21
0,XPBD_RECV_POSITION,xpbd,87,87,1,ch20
0,XPBD_PUBLISH_FORCE,xpbd,87,87,1,ch21
0,XPBD_RECV_POSITION,xpbd,88,88,1,ch20
0,XPBD_PUBLISH_FORCE,xpbd,88,88,1,ch21
0,XPBD_RECV_POSITION,xpbd,89,89,1,ch20
0,XPBD_PUBLISH_FORCE,xpbd,89,89,1,ch21
0,XPBD_RECV_POSITION,xpbd,90,90,1,ch20
0,XPBD_PUBLISH_FORCE,xpbd,90,90,1,ch21
0,XPBD_RECV_POSITION,xpbd,91,91,1,ch20
0,XPBD_PUBLISH_FORCE,xpbd,91,91,1,ch21
0,XPBD_RECV_POSITION,xpbd,92,92,1,ch20
0,XPBD_PUBLISH_FORCE,xpbd,92,92,1,ch21
0,XPBD_RECV_POSITION,xpbd,93,93,1,ch20
0,XPBD_PUBLISH_FORCE,xpbd,93,93,1,ch21
0,XPBD_RECV_POSITION,xpbd,94,94,1,ch20
0,XPBD_PUBLISH_FORCE,xpbd,94,94,1,ch21
0,XPBD_RECV_POSITION,xpbd,95,95,1,ch20
0,XPBD_PUBLISH_FORCE,xpbd,95,95,1,ch21
0,XPBD_RECV_POSITION,xpbd,96,96,1,ch20
0,XPBD_PUBLISH_FORCE,xpbd,96,96,1,ch21
0,XPBD_RECV_POSITION,xpbd,97,97,1,ch20
0,XPBD_PUBLISH_FORCE,xpbd,97,97,1,ch21
0,XPBD_RECV_POSITION,xpbd,98,98,1,ch20
0,XPBD_PUBLISH_FORCE,xpbd,98,98,1,ch21
0,XPBD_RECV_POSITION,xpbd,99,99,1,ch20
0,XPBD_PUBLISH_FORCE,xpbd,99,99,1,ch21
0,XPBD_RECV_POSITION,xpbd,100,100,1,ch20
0,XPBD_PUBLISH_FORCE,xpbd,100,100,1,ch21
0,XPBD_RECV_POSITION,xpbd,101,101,1,ch20
0,XPBD_PUBLISH_FORCE,xpbd,101,101,1,ch21
0,XPBD_RECV_POSITION,xpbd,102,102,1,ch20
0,XPBD_PUBLISH_FORCE,xpbd,102,102,1,ch21
0,XPBD_RECV_POSITION,xpbd,103,103,1,ch20
0,XPBD_PUBLISH_FORCE,xpbd,103,103,1,ch21
0,XPBD_RECV_POSITION,xpbd,104,104,1,ch20
0,XPBD_PUBLISH_FORCE,xpbd,104,104,1,ch21
0,XPBD_RECV_POSITION,xpbd,105,105,1,ch20
0,XPBD_PUBLISH_FORCE,xpbd,105,105,1,ch21
0,XPBD_RECV_POSITION,xpbd,106,106,1,ch20
0,XPBD_PUBLISH_FORCE,xpbd,106,106,1,ch21
0,XPBD_RECV_POSITION,xpbd,107,107,1,ch20
0,XPBD_PUBLISH_FORCE,xpbd,107,107,1,ch21
0,XPBD_RECV_POSITION,xpbd,108,108,1,ch20
0,XPBD_PUBLISH_FORCE,xpbd,108,108,1,ch21
0,XPBD_RECV_POSITION,xpbd,109,109,1,ch20
0,XPBD_PUBLISH_FORCE,xpbd,109,109,1,ch21
0,XPBD_RECV_POSITION,xpbd,110,110,1,ch20
0,XPBD_PUBLISH_FORCE,xpbd,110,110,1,ch21
0,XPBD_RECV_POSITION,xpbd,111,111,1,ch20
0,XPBD_PUBLISH_FORCE,xpbd,111,111,1,ch21
