macro_frame,sim_time,mjc_seq_packet_a,xpbd_seq_packet_b,xpbd_macro_step_after_recv,seq_match,packet_a_eq_b,unit_count_a,unit_count_b,n_mismatch,first_mismatch_object_id,detail
0,0.000000,0,0,0,1,1,24,24,0,,ok
1,0.020000,1,1,1,1,1,24,24,0,,ok
2,0.040000,2,2,2,1,1,24,24,0,,ok
3,0.060000,3,3,3,1,1,24,24,0,,ok
4,0.080000,4,4,4,1,1,24,24,0,,ok
5,0.100000,5,5,5,1,1,24,24,0,,ok
6,0.120000,6,6,6,1,1,24,24,0,,ok
7,0.140000,7,7,7,1,1,24,24,0,,ok
8,0.160000,8,8,8,1,1,24,24,0,,ok
9,0.180000,9,9,9,1,1,24,24,0,,ok
10,0.200000,10,10,10,1,1,24,24,0,,ok
11,0.220000,11,11,11,1,1,24,24,0,,ok
12,0.240000,12,12,12,1,1,24,24,0,,ok
13,0.260000,13,13,13,1,1,24,24,0,,ok
14,0.280000,14,14,14,1,1,24,24,0,,ok
15,0.300000,15,15,15,1,1,24,24,0,,ok
16,0.320000,16,16,16,1,1,24,24,0,,ok
17,0.340000,17,17,17,1,1,24,24,0,,ok
18,0.360000,18,18,18,1,1,24,24,0,,ok
19,0.380000,19,19,19,1,1,24,24,0,,ok
20,0.400000,20,20,20,1,1,24,24,0,,ok
21,0.420000,21,21,21,1,1,24,24,0,,ok
22,0.440000,22,22,22,1,1,24,24,0,,ok
23,0.460000,23,23,23,1,1,24,24,0,,ok
24,0.480000,24,24,24,1,1,24,24,0,,ok
25,0.500000,25,25,25,1,1,24,24,0,,ok
26,0.520000,26,26,26,1,1,24,24,0,,ok
27,0.540000,27,27,27,1,1,24,24,0,,ok
28,0.560000,28,28,28,1,1,24,24,0,,ok
29,0.580000,29,29,29,1,1,24,24,0,,ok
30,0.600000,30,30,30,1,1,24,24,0,,ok
31,0.620000,31,31,31,1,1,24,24,0,,ok
32,0.640000,32,32,32,1,1,24,24,0,,ok
33,0.660000,33,33,33,1,1,24,24,0,,ok
34,0.680000,34,34,34,1,1,24,24,0,,ok
35,0.700000,35,35,35,1,1,24,24,0,,ok
36,0.720000,36,36,36,1,1,24,24,0,,ok
37,0.740000,37,37,37,1,1,24,24,0,,ok
38,0.760000,38,38,38,1,1,24,24,0,,ok
39,0.780000,39,39,39,1,1,24,24,0,,ok
40,0.800000,40,40,40,1,1,24,24,0,,ok
41,0.820000,41,41,41,1,1,24,24,0,,ok
42,0.840000,42,42,42,1,1,24,24,0,,ok
43,0.860000,43,43,43,1,1,24,24,0,,ok
44,0.880000,44,44,44,1,1,24,24,0,,ok
45,0.900000,45,45,45,1,1,24,24,0,,ok
46,0.920000,46,46,46,1,1,24,24,0,,ok
47,0.940000,47,47,47,1,1,24,24,0,,ok
48,0.960000,48,48,48,1,1,24,24,0,,ok
49,0.980000,49,49,49,1,1,24,24,0,,ok
50,1.000000,50,50,50,1,1,24,24,0,,ok
51,1.019999,51,51,51,1,1,24,24,0,,ok
52,1.039999,52,52,52,1,1,24,24,0,,ok
53,1.059999,53,53,53,1,1,24,24,0,,ok
54,1.079999,54,54,54,1,1,24,24,0,,ok
55,1.099999,55,55,55,1,1,24,24,0,,ok
56,1.119999,56,56,56,1,1,24,24,0,,ok
57,1.139999,57,57,57,1,1,24,24,0,,ok
58,1.159999,58,58,58,1,1,24,24,0,,ok
59,1.179999,59,59,59,1,1,24,24,0,,ok
60,1.199999,60,60,60,1,1,24,24,0,,ok
61,1.219999,61,61,61,1,1,24,24,0,,ok
62,1.239999,62,62,62,1,1,24,24,0,,ok
63,1.259999,63,63,63,1,1,24,24,0,,ok
64,1.279999,64,64,64,1,1,24,24,0,,ok
65,1.299999,65,65,65,1,1,24,24,0,,ok
66,1.319999,66,66,66,1,1,24,24,0,,ok
67,1.339999,67,67,67,1,1,24,24,0,,ok
68,1.359999,68,68,68,1,1,24,24,0,,ok
69,1.379999,69,69,69,1,1,24,24,0,,ok
70,1.399999,70,70,70,1,1,24,24,0,,ok
71,1.419999,71,71,71,1,1,24,24,0,,ok
72,1.439999,72,72,72,1,1,24,24,0,,ok
73,1.459999,73,73,73,1,1,24,24,0,,ok
74,1.479999,74,74,74,1,1,24,24,0,,ok
75,1.499999,75,75,75,1,1,24,24,0,,ok
76,1.519999,76,76,76,1,1,24,24,0,,ok
77,1.539999,77,77,77,1,1,24,24,0,,ok
78,1.559999,78,78,78,1,1,24,24,0,,ok
79,1.579999,79,79,79,1,1,24,24,0,,ok
80,1.599999,80,80,80,1,1,24,24,0,,ok
81,1.619999,81,81,81,1,1,24,24,0,,ok
82,1.639999,82,82,82,1,1,24,24,0,,ok
83,1.659999,83,83,83,1,1,24,24,0,,ok
84,1.679999,84,84,84,1,1,24,24,0,,ok
85,1.699999,85,85,85,1,1,24,24,0,,ok
86,1.719999,86,86,86,1,1,24,24,0,,ok
87,1.739999,87,87,87,1,1,24,24,0,,ok
88,1.759999,88,88,88,1,1,24,24,0,,ok
89,1.779999,89,89,89,1,1,24,24,0,,ok
90,1.799999,90,90,90,1,1,24,24,0,,ok
91,1.819999,91,91,91,1,1,24,24,0,,ok
92,1.839999,92,92,92,1,1,24,24,0,,ok
93,1.859999,93,93,93,1,1,24,24,0,,ok
94,1.879999,94,94,94,1,1,24,24,0,,ok
95,1.899999,95,95,95,1,1,24,24,0,,ok
96,1.919999,96,96,96,1,1,24,24,0,,ok
97,1.939999,97,97,97,1,1,24,24,0,,ok
98,1.959999,98,98,98,1,1,24,24,0,,ok
99,1.979999,99,99,99,1,1,24,24,0,,ok
100,1.999999,100,100,100,1,1,24,24,0,,ok
101,2.019999,101,101,101,1,1,24,24,0,,ok
102,2.039999,102,102,102,1,1,24,24,0,,ok
103,2.059999,103,103,103,1,1,24,24,0,,ok
104,2.079999,104,104,104,1,1,24,24,0,,ok
105,2.099999,105,105,105,1,1,24,24,0,,ok
106,2.119999,106,106,106,1,1,24,24,0,,ok
107,2.139999,107,107,107,1,1,24,24,0,,ok
108,2.159999,108,108,108,1,1,24,24,0,,ok
109,2.179999,109,109,109,1,1,24,24,0,,ok
110,2.199999,110,110,110,1,1,24,24,0,,ok
111,2.219999,111,111,111,1,1,24,24,0,,ok
112,2.239999,112,112,112,1,1,24,24,0,,ok
113,2.259999,113,113,113,1,1,24,24,0,,ok
114,2.279999,114,114,114,1,1,24,24,0,,ok
115,2.299999,115,115,115,1,1,24,24,0,,ok
116,2.319999,116,116,116,1,1,24,24,0,,ok
117,2.339999,117,117,117,1,1,24,24,0,,ok
118,2.359999,118,118,118,1,1,24,24,0,,ok
119,2.379999,119,119,119,1,1,24,24,0,,ok
120,2.399999,120,120,120,1,1,24,24,0,,ok
121,2.419999,121,121,121,1,1,24,24,0,,ok
122,2.439999,122,122,122,1,1,24,24,0,,ok
123,2.459999,123,123,123,1,1,24,24,0,,ok
124,2.479999,124,124,124,1,1,24,24,0,,ok
125,2.499999,125,125,125,1,1,24,24,0,,ok
126,2.519999,126,126,126,1,1,24,24,0,,ok
127,2.539999,127,127,127,1,1,24,24,0,,ok
128,2.559999,128,128,128,1,1,24,24,0,,ok
129,2.579999,129,129,129,1,1,24,24,0,,ok
130,2.599999,130,130,130,1,1,24,24,0,,ok
131,2.619999,131,131,131,1,1,24,24,0,,ok
132,2.639999,132,132,132,1,1,24,24,0,,ok
133,2.659999,133,133,133,1,1,24,24,0,,ok
134,2.679999,134,134,134,1,1,24,24,0,,ok
135,2.699999,135,135,135,1,1,24,24,0,,ok
136,2.719999,136,136,136,1,1,24,24,0,,ok
137,2.739999,137,137,137,1,1,24,24,0,,ok
138,2.759999,138,138,138,1,1,24,24,0,,ok
139,2.779999,139,139,139,1,1,24,24,0,,ok
140,2.799999,140,140,140,1,1,24,24,0,,ok
141,2.819999,141,141,141,1,1,24,24,0,,ok
142,2.839999,142,142,142,1,1,24,24,0,,ok
143,2.859999,143,143,143,1,1,24,24,0,,ok
144,2.879999,144,144,144,1,1,24,24,0,,ok
145,2.899999,145,145,145,1,1,24,24,0,,ok
146,2.919999,146,146,146,1,1,24,24,0,,ok
147,2.939999,147,147,147,1,1,24,24,0,,ok
148,2.959999,148,148,148,1,1,24,24,0,,ok
149,2.979999,149,149,149,1,1,24,24,0,,ok
150,2.999999,150,150,150,1,1,24,24,0,,ok
151,3.019999,151,151,151,1,1,24,24,0,,ok
152,3.039999,152,152,152,1,1,24,24,0,,ok
153,3.059999,153,153,153,1,1,24,24,0,,ok
154,3.079999,154,154,154,1,1,24,24,0,,ok
155,3.099999,155,155,155,1,1,24,24,0,,ok
156,3.119999,156,156,156,1,1,24,24,0,,ok
157,3.139999,157,157,157,1,1,24,24,0,,ok
158,3.159999,158,158,158,1,1,24,24,0,,ok
159,3.179999,159,159,159,1,1,24,24,0,,ok
160,3.199999,160,160,160,1,1,24,24,0,,ok
161,3.219999,161,161,161,1,1,24,24,0,,ok
162,3.239999,162,162,162,1,1,24,24,0,,ok
163,3.259999,163,163,163,1,1,24,24,0,,ok
164,3.279999,164,164,164,1,1,24,24,0,,ok
165,3.299999,165,165,165,1,1,24,24,0,,ok
166,3.319999,166,166,166,1,1,24,24,0,,ok
167,3.339999,167,167,167,1,1,24,24,0,,ok
168,3.359999,168,168,168,1,1,24,24,0,,ok
169,3.379999,169,169,169,1,1,24,24,0,,ok
170,3.399999,170,170,170,1,1,24,24,0,,ok
171,3.419999,171,171,171,1,1,24,24,0,,ok
172,3.439999,172,172,172,1,1,24,24,0,,ok
173,3.459999,173,173,173,1,1,24,24,0,,ok
174,3.479999,174,174,174,1,1,24,24,0,,ok
175,3.499999,175,175,175,1,1,24,24,0,,ok
176,3.519999,176,176,176,1,1,24,24,0,,ok
177,3.539999,177,177,177,1,1,24,24,0,,ok
178,3.559999,178,178,178,1,1,24,24,0,,ok
179,3.579999,179,179,179,1,1,24,24,0,,ok
180,3.599999,180,180,180,1,1,24,24,0,,ok
181,3.619999,181,181,181,1,1,24,24,0,,ok
182,3.639999,182,182,182,1,1,24,24,0,,ok
183,3.659999,183,183,183,1,1,24,24,0,,ok
184,3.679999,184,184,184,1,1,24,24,0,,ok
185,3.699999,185,185,185,1,1,24,24,0,,ok
186,3.719999,186,186,186,1,1,24,24,0,,ok
187,3.739999,187,187,187,1,1,24,24,0,,ok
188,3.759999,188,188,188,1,1,24,24,0,,ok
189,3.779999,189,189,189,1,1,24,24,0,,ok
190,3.799999,190,190,190,1,1,24,24,0,,ok
191,3.819999,191,191,191,1,1,24,24,0,,ok
192,3.839999,192,192,192,1,1,24,24,0,,ok
193,3.859999,193,193,193,1,1,24,24,0,,ok
194,3.879999,194,194,194,1,1,24,24,0,,ok
195,3.899999,195,195,195,1,1,24,24,0,,ok
196,3.919999,196,196,196,1,1,24,24,0,,ok
197,3.939999,197,197,197,1,1,24,24,0,,ok
198,3.959999,198,198,198,1,1,24,24,0,,ok
199,3.979999,199,199,199,1,1,24,24,0,,ok
