macro_frame,sim_time,t1_utc,t4_utc,t_step_utc,seq_ok
0,0.000000,1781247002.171984911,1781247003.001016855,1781247003.001036644,1
1,0.020000,1781247003.003511906,1781247003.114503860,1781247003.114524603,1
2,0.040000,1781247003.116716862,1781247003.247504473,1781247003.247522593,1
3,0.060000,1781247003.249986410,1781247003.382484436,1781247003.382501602,1
4,0.080000,1781247003.384793520,1781247003.518871784,1781247003.518889666,1
5,0.100000,1781247003.522310972,1781247003.646367073,1781247003.646385431,1
6,0.120000,1781247003.648583651,1781247003.783832550,1781247003.783851624,1
7,0.140000,1781247003.787345409,1781247003.912442923,1781247003.912454605,1
8,0.160000,1781247003.914311647,1781247004.045575142,1781247004.045586586,1
9,0.180000,1781247004.048042297,1781247004.179653883,1781247004.179672480,1
10,0.200000,1781247004.183239698,1781247004.313232183,1781247004.313252211,1
11,0.220000,1781247004.316590786,1781247004.446452618,1781247004.446469784,1
12,0.240000,1781247004.449962854,1781247004.584395170,1781247004.584414721,1
13,0.260000,1781247004.588006735,1781247004.714286327,1781247004.714297771,1
14,0.280000,1781247004.716264963,1781247004.848339796,1781247004.848358393,1
15,0.300000,1781247004.850472450,1781247004.980935574,1781247004.980947256,1
16,0.320000,1781247004.982877493,1781247005.113341331,1781247005.113359213,1
17,0.340000,1781247005.115548611,1781247005.249141216,1781247005.249159098,1
18,0.360000,1781247005.252006292,1781247005.380360126,1781247005.380378962,1
19,0.380000,1781247005.382575035,1781247005.513009310,1781247005.513020277,1
20,0.400000,1781247005.514886141,1781247005.629564762,1781247005.629583836,1
21,0.420000,1781247005.631812811,1781247005.746533632,1781247005.746551752,1
22,0.440000,1781247005.749067783,1781247005.887674332,1781247005.887686729,1
23,0.460000,1781247005.889618397,1781247006.014711380,1781247006.014729977,1
24,0.480000,1781247006.017266035,1781247006.153887033,1781247006.153907776,1
25,0.500000,1781247006.157480001,1781247006.282499313,1781247006.282518625,1
26,0.520000,1781247006.285624266,1781247006.414453268,1781247006.414466143,1
27,0.540000,1781247006.416319847,1781247006.548531771,1781247006.548549652,1
28,0.560000,1781247006.552167892,1781247006.681556463,1781247006.681567669,1
29,0.580000,1781247006.683367729,1781247006.815635443,1781247006.815647602,1
30,0.600000,1781247006.817537546,1781247006.950962543,1781247006.950975180,1
31,0.620000,1781247006.952831745,1781247007.080353022,1781247007.080370188,1
32,0.640000,1781247007.083146334,1781247007.200570345,1781247007.200589418,1
33,0.660000,1781247007.204129219,1781247007.335244894,1781247007.335266829,1
34,0.680000,1781247007.338015318,1781247007.466155052,1781247007.466166258,1
35,0.700000,1781247007.468111038,1781247007.599501848,1781247007.599520922,1
36,0.720000,1781247007.601570129,1781247007.733248234,1781247007.733265877,1
37,0.740000,1781247007.736809731,1781247007.866357088,1781247007.866375446,1
38,0.760000,1781247007.868492842,1781247008.010177374,1781247008.010190487,1
39,0.780000,1781247008.042798519,1781247008.167879343,1781247008.167890549,1
40,0.800000,1781247008.169765472,1781247008.304420710,1781247008.304432869,1
41,0.820000,1781247008.306318283,1781247008.433478117,1781247008.433496475,1
42,0.840000,1781247008.435633183,1781247008.574740410,1781247008.574752092,1
43,0.860000,1781247008.576569319,1781247008.699440241,1781247008.699459076,1
44,0.880000,1781247008.702267408,1781247008.834887028,1781247008.834905386,1
45,0.900000,1781247008.837236643,1781247008.969244480,1781247008.969259024,1
46,0.920000,1781247008.971263409,1781247009.102803230,1781247009.102826834,1
47,0.940000,1781247009.104758978,1781247009.236408949,1781247009.236420631,1
48,0.960000,1781247009.238379240,1781247009.369706392,1781247009.369724751,1
49,0.980000,1781247009.372323513,1781247009.502148628,1781247009.502166271,1
50,1.000000,1781247009.504660845,1781247009.634957314,1781247009.634977579,1
51,1.020000,1781247009.637513638,1781247009.768611431,1781247009.768623352,1
52,1.040000,1781247009.770697832,1781247009.903640747,1781247009.903659821,1
53,1.060000,1781247009.905779600,1781247010.035475731,1781247010.035493851,1
54,1.080000,1781247010.038681507,1781247010.170478106,1781247010.170496941,1
55,1.100000,1781247010.173042536,1781247010.302406549,1781247010.302425146,1
56,1.120000,1781247010.305107355,1781247010.438349962,1781247010.438362360,1
57,1.140000,1781247010.440442801,1781247010.568715096,1781247010.568726778,1
58,1.160000,1781247010.570657015,1781247010.701624632,1781247010.701635599,1
59,1.180000,1781247010.703528404,1781247010.836205482,1781247010.836217165,1
60,1.200000,1781247010.838229656,1781247010.969913483,1781247010.969941616,1
61,1.220000,1781247010.972835064,1781247011.102601528,1781247011.102619886,1
62,1.240000,1781247011.105758905,1781247011.238374233,1781247011.238395691,1
63,1.260000,1781247011.242074013,1781247011.368473291,1781247011.368485451,1
64,1.280000,1781247011.370475054,1781247011.504273415,1781247011.504291773,1
65,1.300000,1781247011.507087469,1781247011.639820099,1781247011.639839172,1
66,1.320000,1781247011.643371105,1781247011.770793438,1781247011.770807505,1
67,1.340000,1781247011.773187160,1781247011.904197693,1781247011.904210329,1
68,1.360000,1781247011.906336308,1781247012.037593842,1781247012.037613153,1
69,1.380000,1781247012.041199684,1781247012.171496391,1781247012.171509266,1
70,1.400000,1781247012.173562050,1781247012.305966377,1781247012.305984735,1
71,1.420000,1781247012.308578014,1781247012.439254761,1781247012.439268112,1
72,1.440000,1781247012.441299200,1781247012.571352243,1781247012.571369886,1
73,1.460000,1781247012.574559450,1781247012.705743313,1781247012.705755234,1
74,1.480000,1781247012.707643509,1781247012.837089539,1781247012.837100744,1
75,1.500000,1781247012.839228630,1781247012.972716570,1781247012.972736359,1
76,1.520000,1781247012.974813461,1781247013.105381012,1781247013.105399370,1
77,1.540000,1781247013.108669758,1781247013.239282608,1781247013.239301205,1
78,1.560000,1781247013.242880106,1781247013.372041464,1781247013.372061968,1
79,1.580000,1781247013.374511242,1781247013.510350227,1781247013.510370493,1
80,1.600000,1781247013.513955832,1781247013.637475014,1781247013.637495279,1
81,1.620000,1781247013.640918016,1781247013.774481058,1781247013.774498701,1
82,1.640000,1781247013.776689053,1781247013.906243801,1781247013.906256676,1
83,1.660000,1781247013.908191919,1781247014.038948059,1781247014.038966179,1
84,1.680000,1781247014.041389465,1781247014.176498175,1781247014.176517010,1
85,1.700000,1781247014.178629160,1781247014.307889700,1781247014.307902098,1
86,1.720000,1781247014.309896946,1781247014.441316605,1781247014.441336870,1
87,1.740000,1781247014.443562031,1781247014.573888063,1781247014.573904991,1
88,1.760000,1781247014.575795412,1781247014.705447435,1781247014.705465317,1
89,1.780000,1781247014.708189249,1781247014.839569092,1781247014.839587212,1
90,1.800000,1781247014.842225313,1781247014.977540255,1781247014.977556229,1
91,1.820000,1781247014.979666471,1781247015.107672215,1781247015.107684135,1
92,1.840000,1781247015.109655142,1781247015.240206957,1781247015.240225315,1
93,1.860000,1781247015.243093729,1781247015.374796391,1781247015.374814987,1
94,1.880000,1781247015.376956463,1781247015.508275747,1781247015.508293629,1
95,1.900000,1781247015.510420322,1781247015.639590979,1781247015.639609098,1
96,1.920000,1781247015.642165184,1781247015.779081821,1781247015.779096365,1
97,1.940000,1781247015.780940056,1781247015.910517454,1781247015.910536528,1
98,1.960000,1781247015.914031267,1781247016.045602322,1781247016.045614481,1
99,1.980000,1781247016.047628880,1781247016.180001259,1781247016.180012465,1
100,2.000000,1781247016.182036161,1781247016.312275171,1781247016.312294245,1
101,2.020000,1781247016.315031528,1781247016.443223000,1781247016.443241835,1
102,2.040000,1781247016.446025610,1781247016.575066090,1781247016.575083733,1
103,2.060000,1781247016.578655005,1781247016.708891869,1781247016.708918333,1
104,2.080000,1781247016.710960865,1781247016.842055798,1781247016.842072487,1
105,2.100000,1781247016.845625401,1781247016.977030516,1781247016.977048874,1
106,2.120000,1781247016.980009079,1781247017.113453150,1781247017.113463879,1
107,2.140000,1781247017.115376711,1781247017.245175362,1781247017.245196581,1
108,2.160000,1781247017.247579098,1781247017.375824928,1781247017.375844240,1
109,2.180000,1781247017.378242731,1781247017.513958931,1781247017.513978004,1
110,2.200000,1781247017.517467499,1781247017.644960880,1781247017.644979954,1
111,2.220000,1781247017.648607016,1781247017.780445814,1781247017.780457973,1
112,2.240000,1781247017.782544136,1781247017.910887718,1781247017.910906315,1
113,2.260000,1781247017.914610863,1781247018.044820547,1781247018.044847965,1
114,2.280000,1781247018.046826839,1781247018.179900885,1781247018.179914713,1
115,2.300000,1781247018.181910276,1781247018.312523365,1781247018.312542915,1
116,2.320000,1781247018.316233158,1781247018.443574190,1781247018.443591595,1
117,2.340000,1781247018.446206093,1781247018.578350782,1781247018.578369141,1
118,2.360000,1781247018.581071138,1781247018.712980986,1781247018.712993860,1
119,2.380000,1781247018.715034485,1781247018.844420671,1781247018.844432831,1
120,2.400000,1781247018.846625566,1781247018.978058338,1781247018.978072405,1
121,2.420000,1781247018.981566429,1781247019.112051964,1781247019.112071276,1
122,2.440000,1781247019.114305258,1781247019.245339870,1781247019.245358706,1
123,2.460000,1781247019.247539282,1781247019.379522800,1781247019.379535675,1
124,2.480000,1781247019.381535769,1781247019.512590170,1781247019.512601852,1
125,2.500000,1781247019.514576435,1781247019.646109104,1781247019.646130085,1
126,2.520000,1781247019.648113489,1781247019.778431654,1781247019.778450251,1
127,2.540000,1781247019.781972647,1781247019.916625738,1781247019.916646242,1
128,2.560000,1781247019.920171738,1781247020.050877094,1781247020.050895452,1
129,2.580000,1781247020.054391146,1781247020.181542873,1781247020.181562185,1
130,2.600000,1781247020.184111834,1781247020.312883615,1781247020.312896729,1
131,2.620000,1781247020.314916372,1781247020.447829008,1781247020.447849035,1
132,2.640000,1781247020.451374769,1781247020.580123186,1781247020.580143213,1
133,2.660000,1781247020.583760023,1781247020.715063095,1781247020.715075254,1
134,2.680000,1781247020.717024803,1781247020.848466635,1781247020.848478317,1
135,2.700000,1781247020.850572824,1781247020.981840611,1781247020.981852055,1
136,2.720000,1781247020.983837128,1781247021.113556623,1781247021.113568544,1
137,2.740000,1781247021.115468264,1781247021.250048876,1781247021.250066519,1
138,2.760000,1781247021.252229691,1781247021.381989956,1781247021.382009029,1
139,2.780000,1781247021.384377003,1781247021.514203548,1781247021.514222383,1
140,2.800000,1781247021.516600132,1781247021.648469925,1781247021.648488760,1
141,2.820000,1781247021.651160002,1781247021.782502890,1781247021.782516956,1
142,2.840000,1781247021.784485579,1781247021.914978027,1781247021.914993763,1
143,2.860000,1781247021.917207241,1781247022.052487373,1781247022.052504539,1
144,2.880000,1781247022.055262804,1781247022.184824228,1781247022.184849977,1
145,2.900000,1781247022.186745644,1781247022.315315723,1781247022.315333366,1
146,2.920000,1781247022.318840265,1781247022.449027300,1781247022.449044466,1
147,2.940000,1781247022.451462984,1781247022.583119392,1781247022.583139658,1
148,2.960000,1781247022.586703539,1781247022.716271400,1781247022.716289997,1
149,2.980000,1781247022.719903946,1781247022.850310564,1781247022.850331545,1
150,3.000000,1781247022.852611065,1781247022.981825352,1781247022.981839895,1
151,3.020000,1781247022.984024525,1781247023.116214514,1781247023.116234303,1
152,3.040000,1781247023.119733572,1781247023.248895407,1781247023.248915911,1
153,3.060000,1781247023.252066612,1781247023.382957935,1781247023.382978201,1
154,3.080000,1781247023.385403395,1781247023.518049240,1781247023.518060684,1
155,3.100000,1781247023.519990921,1781247023.652858734,1781247023.652877808,1
156,3.120000,1781247023.655276299,1781247023.787790298,1781247023.787805080,1
157,3.140000,1781247023.790628910,1781247023.918400764,1781247023.918411732,1
158,3.160000,1781247023.920294046,1781247024.051961184,1781247024.051982164,1
159,3.180000,1781247024.055506468,1781247024.186534166,1781247024.186552525,1
160,3.200000,1781247024.188626766,1781247024.317817926,1781247024.317837715,1
161,3.220000,1781247024.320385695,1781247024.451197624,1781247024.451220036,1
162,3.240000,1781247024.453439236,1781247024.586329460,1781247024.586347103,1
163,3.260000,1781247024.588561058,1781247024.718300581,1781247024.718320131,1
164,3.280000,1781247024.721877337,1781247024.854350328,1781247024.854361773,1
165,3.300000,1781247024.856257439,1781247025.053707123,1781247025.053719997,1
166,3.320000,1781247025.055635452,1781247025.191104650,1781247025.191123009,1
167,3.340000,1781247025.193546057,1781247025.323082685,1781247025.323100567,1
168,3.360000,1781247025.326528549,1781247025.451648951,1781247025.451664686,1
169,3.380000,1781247025.455256462,1781247025.584700823,1781247025.584721565,1
170,3.400000,1781247025.587736130,1781247025.719657898,1781247025.719677448,1
171,3.420000,1781247025.721676588,1781247025.855690956,1781247025.855721951,1
172,3.440000,1781247025.859323025,1781247025.988764524,1781247025.988787174,1
173,3.460000,1781247025.992278099,1781247026.123331785,1781247026.123351097,1
174,3.480000,1781247026.126892805,1781247026.256396532,1781247026.256414413,1
175,3.500000,1781247026.259930134,1781247026.386895895,1781247026.386907339,1
176,3.520000,1781247026.389144659,1781247026.519960880,1781247026.519972801,1
177,3.540000,1781247026.521869898,1781247026.653221846,1781247026.653237343,1
178,3.560000,1781247026.655395985,1781247026.786085844,1781247026.786098003,1
179,3.580000,1781247026.788082600,1781247026.920294285,1781247026.920312881,1
180,3.600000,1781247026.922455072,1781247027.055517673,1781247027.055536270,1
181,3.620000,1781247027.057749271,1781247027.187361479,1781247027.187379122,1
182,3.640000,1781247027.190961361,1781247027.321585894,1781247027.321604252,1
183,3.660000,1781247027.323661089,1781247027.454108238,1781247027.454128265,1
184,3.680000,1781247027.456389189,1781247027.587927818,1781247027.587939739,1
185,3.700000,1781247027.589794636,1781247027.719971418,1781247027.719989538,1
186,3.720000,1781247027.722840548,1781247027.858038187,1781247027.858056784,1
187,3.740000,1781247027.861018896,1781247027.988789558,1781247027.988809824,1
188,3.760000,1781247027.991263390,1781247028.131267786,1781247028.131286621,1
189,3.780000,1781247028.133988619,1781247028.276691675,1781247028.276703835,1
190,3.800000,1781247028.278580427,1781247028.406964540,1781247028.406975985,1
191,3.820000,1781247028.408899069,1781247028.539105892,1781247028.539124012,1
192,3.840000,1781247028.541487694,1781247028.671756268,1781247028.671779394,1
193,3.860000,1781247028.674229860,1781247028.830404520,1781247028.830423832,1
194,3.880000,1781247028.833973408,1781247028.961539030,1781247028.961558342,1
195,3.900000,1781247028.964092255,1781247029.089603186,1781247029.089622259,1
196,3.920000,1781247029.092102289,1781247029.223345041,1781247029.223357201,1
197,3.940000,1781247029.225202799,1781247029.356679201,1781247029.356693745,1
198,3.960000,1781247029.358680487,1781247029.490456820,1781247029.490470409,1
199,3.980000,1781247029.492441416,1781247029.623001814,1781247029.623019457,1
200,4.000000,1781247029.625832558,1781247029.758399963,1781247029.758418798,1
201,4.020000,1781247029.762132406,1781247029.889922142,1781247029.889940739,1
202,4.040000,1781247029.892503977,1781247030.023710728,1781247030.023723125,1
203,4.060000,1781247030.025741100,1781247030.157939196,1781247030.157957315,1
204,4.080000,1781247030.160339594,1781247030.290987492,1781247030.291001558,1
205,4.100000,1781247030.293026209,1781247030.424533367,1781247030.424552441,1
206,4.120000,1781247030.426552534,1781247030.641883135,1781247030.641901016,1
207,4.140000,1781247030.644302607,1781247030.774665356,1781247030.774683952,1
208,4.160000,1781247030.777784586,1781247030.908994675,1781247030.909013748,1
209,4.180000,1781247030.912516117,1781247031.040910244,1781247031.040928602,1
210,4.200000,1781247031.044029236,1781247031.176326513,1781247031.176339626,1
211,4.220000,1781247031.178298712,1781247031.309711695,1781247031.309729815,1
212,4.240000,1781247031.311665058,1781247031.442753315,1781247031.442779064,1
213,4.260000,1781247031.445144415,1781247031.581505299,1781247031.581523180,1
214,4.280000,1781247031.584688663,1781247031.713055372,1781247031.713066816,1
215,4.300000,1781247031.714991331,1781247031.850518942,1781247031.850537300,1
216,4.320000,1781247031.854072809,1781247031.992725134,1781247031.992736578,1
217,4.340000,1781247031.994625807,1781247032.125379562,1781247032.125392199,1
218,4.360000,1781247032.127340794,1781247032.260188818,1781247032.260208130,1
219,4.380000,1781247032.263718843,1781247032.394173145,1781247032.394191504,1
220,4.400000,1781247032.397683620,1781247032.526837587,1781247032.526849747,1
221,4.420000,1781247032.528768063,1781247032.659106970,1781247032.659118652,1
222,4.440000,1781247032.660999775,1781247032.793334246,1781247032.793354511,1
223,4.460000,1781247032.795739174,1781247032.926570892,1781247032.926582575,1
224,4.480000,1781247032.928520203,1781247033.061903954,1781247033.061922312,1
225,4.500000,1781247033.063791037,1781247033.197872400,1781247033.197890282,1
226,4.520000,1781247033.201351166,1781247033.328411102,1781247033.328423500,1
227,4.540000,1781247033.330298662,1781247033.461093903,1781247033.461107492,1
228,4.560000,1781247033.463160038,1781247033.593851805,1781247033.593870163,1
229,4.580000,1781247033.596289396,1781247033.726650476,1781247033.726665020,1
230,4.600000,1781247033.728796244,1781247033.859968424,1781247033.859982491,1
231,4.620000,1781247033.861918449,1781247033.995295525,1781247033.995307446,1
232,4.640000,1781247033.997136831,1781247034.128764153,1781247034.128788233,1
233,4.660000,1781247034.132200241,1781247034.260535717,1781247034.260548115,1
234,4.680000,1781247034.262498379,1781247034.396272898,1781247034.396291494,1
235,4.700000,1781247034.399842978,1781247034.528877258,1781247034.528897285,1
236,4.720000,1781247034.532421827,1781247034.662634134,1781247034.662652493,1
237,4.740000,1781247034.664706469,1781247034.795639515,1781247034.795653105,1
238,4.760000,1781247034.797677994,1781247034.929856777,1781247034.929875135,1
239,4.780000,1781247034.932884455,1781247035.062647820,1781247035.062659025,1
240,4.800000,1781247035.064685583,1781247035.198582411,1781247035.198601246,1
241,4.820000,1781247035.202258110,1781247035.329519033,1781247035.329538107,1
242,4.840000,1781247035.331725836,1781247035.464012384,1781247035.464024067,1
243,4.860000,1781247035.465917110,1781247035.599034309,1781247035.599052429,1
244,4.880000,1781247035.601507425,1781247035.731064796,1781247035.731083155,1
245,4.900000,1781247035.734567881,1781247035.863421679,1781247035.863440752,1
246,4.920000,1781247035.865542650,1781247035.999132395,1781247035.999143600,1
247,4.940000,1781247036.000992775,1781247036.131764412,1781247036.131779909,1
248,4.960000,1781247036.133646250,1781247036.266550064,1781247036.266568184,1
249,4.980000,1781247036.270034313,1781247036.397558928,1781247036.397578716,1
250,5.000000,1781247036.401124239,1781247036.534316540,1781247036.534334421,1
251,5.020000,1781247036.536581993,1781247036.665427923,1781247036.665446758,1
252,5.040000,1781247036.668967485,1781247036.798639774,1781247036.798651218,1
253,5.060000,1781247036.800500154,1781247036.932150602,1781247036.932168484,1
254,5.080000,1781247036.934672594,1781247037.066046000,1781247037.066063643,1
255,5.100000,1781247037.068882704,1781247037.199129343,1781247037.199146986,1
256,5.120000,1781247037.201440811,1781247037.331709146,1781247037.331721067,1
257,5.140000,1781247037.333682775,1781247037.465624571,1781247037.465648413,1
258,5.160000,1781247037.467710733,1781247037.598624468,1781247037.598643780,1
259,5.180000,1781247037.602094173,1781247037.732002020,1781247037.732015371,1
260,5.200000,1781247037.733992100,1781247037.866864204,1781247037.866883278,1
261,5.220000,1781247037.868736267,1781247037.999501467,1781247037.999520540,1
262,5.240000,1781247038.001614571,1781247038.132201433,1781247038.132222176,1
263,5.260000,1781247038.135689497,1781247038.266909838,1781247038.266923666,1
264,5.280000,1781247038.268842220,1781247038.404323578,1781247038.404334545,1
265,5.300000,1781247038.406271696,1781247038.534702063,1781247038.534714222,1
266,5.320000,1781247038.536647797,1781247038.668938160,1781247038.668956757,1
267,5.340000,1781247038.672561646,1781247038.800269127,1781247038.800287008,1
268,5.360000,1781247038.803707838,1781247038.933991432,1781247038.934011221,1
269,5.380000,1781247038.936908007,1781247039.065590620,1781247039.065609455,1
270,5.400000,1781247039.068147898,1781247039.199850559,1781247039.199869156,1
271,5.420000,1781247039.203357458,1781247039.333808661,1781247039.333828926,1
272,5.440000,1781247039.337331533,1781247039.467570066,1781247039.467581511,1
273,5.460000,1781247039.469496250,1781247039.601067305,1781247039.601078510,1
274,5.480000,1781247039.603009701,1781247039.734458685,1781247039.734476805,1
275,5.500000,1781247039.737920523,1781247039.868174314,1781247039.868192911,1
276,5.520000,1781247039.870468855,1781247040.002667665,1781247040.002678156,1
277,5.540000,1781247040.004559755,1781247040.135265112,1781247040.135284662,1
278,5.560000,1781247040.138727665,1781247040.267896414,1781247040.267915487,1
279,5.580000,1781247040.271372557,1781247040.406347752,1781247040.406365871,1
280,5.600000,1781247040.409752369,1781247040.535378695,1781247040.535396814,1
281,5.620000,1781247040.538876772,1781247040.668145895,1781247040.668163776,1
282,5.640000,1781247040.670522451,1781247040.801410913,1781247040.801421881,1
283,5.660000,1781247040.803308487,1781247040.935977936,1781247040.935989141,1
284,5.680000,1781247040.937916756,1781247041.067635059,1781247041.067654848,1
285,5.700000,1781247041.070624352,1781247041.202943087,1781247041.202961683,1
286,5.720000,1781247041.206321239,1781247041.335216999,1781247041.335228682,1
287,5.740000,1781247041.337148428,1781247041.469558477,1781247041.469578028,1
288,5.760000,1781247041.472190380,1781247041.600397587,1781247041.600415230,1
289,5.780000,1781247041.603869915,1781247041.735478878,1781247041.735490561,1
290,5.800000,1781247041.737342358,1781247041.868593454,1781247041.868605137,1
291,5.820000,1781247041.870529175,1781247042.004016876,1781247042.004034519,1
292,5.840000,1781247042.006979942,1781247042.136248112,1781247042.136259556,1
293,5.860000,1781247042.138155937,1781247042.273257494,1781247042.273268700,1
294,5.880000,1781247042.275103092,1781247042.403980255,1781247042.403991461,1
295,5.900000,1781247042.405878544,1781247042.537082911,1781247042.537096500,1
296,5.920000,1781247042.538988590,1781247042.673138380,1781247042.673157215,1
297,5.940000,1781247042.676709175,1781247042.805204630,1781247042.805216074,1
298,5.960000,1781247042.807108402,1781247042.937180758,1781247042.937198639,1
299,5.980000,1781247042.940669298,1781247043.101626158,1781247043.101646423,1
300,6.000000,1781247043.104702473,1781247043.236942530,1781247043.236953974,1
301,6.020000,1781247043.238858700,1781247043.371019363,1781247043.371030807,1
302,6.040000,1781247043.373009682,1781247043.504315376,1781247043.504326344,1
303,6.060000,1781247043.506329536,1781247043.638889313,1781247043.638908148,1
304,6.080000,1781247043.642486334,1781247043.772011518,1781247043.772029161,1
305,6.100000,1781247043.774513960,1781247043.906978369,1781247043.906990290,1
306,6.120000,1781247043.909001112,1781247044.038847208,1781247044.038865089,1
307,6.140000,1781247044.042428970,1781247044.171150684,1781247044.171169996,1
308,6.160000,1781247044.174798250,1781247044.305969000,1781247044.305987835,1
309,6.180000,1781247044.309607744,1781247044.440610886,1781247044.440629244,1
310,6.200000,1781247044.444211245,1781247044.572255135,1781247044.572265625,1
311,6.220000,1781247044.574190140,1781247044.704646349,1781247044.704664946,1
312,6.240000,1781247044.706758976,1781247044.839434147,1781247044.839456558,1
313,6.260000,1781247044.842114210,1781247044.975373268,1781247044.975391150,1
314,6.280000,1781247044.978975058,1781247045.107190609,1781247045.107203007,1
315,6.300000,1781247045.109243393,1781247045.240422487,1781247045.240434170,1
316,6.320000,1781247045.242528439,1781247045.372907639,1781247045.372927427,1
317,6.340000,1781247045.376505375,1781247045.505043030,1781247045.505061388,1
318,6.360000,1781247045.508662939,1781247045.639337301,1781247045.639355898,1
319,6.380000,1781247045.641654015,1781247045.773347139,1781247045.773365259,1
320,6.400000,1781247045.775562286,1781247045.906592607,1781247045.906604528,1
321,6.420000,1781247045.908524036,1781247046.040429592,1781247046.040440559,1
322,6.440000,1781247046.042378426,1781247046.174369574,1781247046.174384356,1
323,6.460000,1781247046.177533388,1781247046.306370258,1781247046.306382179,1
324,6.480000,1781247046.308360338,1781247046.440069437,1781247046.440087080,1
325,6.500000,1781247046.443211555,1781247046.574918747,1781247046.574929714,1
326,6.520000,1781247046.577027559,1781247046.707031727,1781247046.707051277,1
327,6.540000,1781247046.710630417,1781247046.840302944,1781247046.840321541,1
328,6.560000,1781247046.842651367,1781247046.975289822,1781247046.975302458,1
329,6.580000,1781247046.977307081,1781247047.108404398,1781247047.108423471,1
330,6.600000,1781247047.112229586,1781247047.242459536,1781247047.242470980,1
331,6.620000,1781247047.244392872,1781247047.374845266,1781247047.374857187,1
332,6.640000,1781247047.376817465,1781247047.507271767,1781247047.507289886,1
333,6.660000,1781247047.510905504,1781247047.642055273,1781247047.642074108,1
334,6.680000,1781247047.644445658,1781247047.775056601,1781247047.775069475,1
335,6.700000,1781247047.777069330,1781247047.907550573,1781247047.907561779,1
336,6.720000,1781247047.909492731,1781247048.042603970,1781247048.042623043,1
337,6.740000,1781247048.045040846,1781247048.177415609,1781247048.177434206,1
338,6.760000,1781247048.180144787,1781247048.311298370,1781247048.311308861,1
339,6.780000,1781247048.313214064,1781247048.442972422,1781247048.442990065,1
340,6.800000,1781247048.446027994,1781247048.575231552,1781247048.575242519,1
341,6.820000,1781247048.577187538,1781247048.711027861,1781247048.711046219,1
342,6.840000,1781247048.714467764,1781247048.844190836,1781247048.844202042,1
343,6.860000,1781247048.846147776,1781247048.977353811,1781247048.977372169,1
344,6.880000,1781247048.980620146,1781247049.109640598,1781247049.109659910,1
345,6.900000,1781247049.113390446,1781247049.243066311,1781247049.243087292,1
346,6.920000,1781247049.246738195,1781247049.376883030,1781247049.376901627,1
347,6.940000,1781247049.380539894,1781247049.509343147,1781247049.509354353,1
348,6.960000,1781247049.511386871,1781247049.643153667,1781247049.643165588,1
349,6.980000,1781247049.645092964,1781247049.778095722,1781247049.778113604,1
350,7.000000,1781247049.780452967,1781247049.909248590,1781247049.909267902,1
351,7.020000,1781247049.912949324,1781247050.044003248,1781247050.044014931,1
352,7.040000,1781247050.045991182,1781247050.180145979,1781247050.180163383,1
353,7.060000,1781247050.183741808,1781247050.310671806,1781247050.310684919,1
354,7.080000,1781247050.312698841,1781247050.444068670,1781247050.444082022,1
355,7.100000,1781247050.445975304,1781247050.571295023,1781247050.571314335,1
356,7.120000,1781247050.573682070,1781247050.710634947,1781247050.710653543,1
357,7.140000,1781247050.714297056,1781247050.847372770,1781247050.847384930,1
358,7.160000,1781247050.849311113,1781247050.981631517,1781247050.981650114,1
359,7.180000,1781247050.983937740,1781247051.111071587,1781247051.111090183,1
360,7.200000,1781247051.113902569,1781247051.246023417,1781247051.246041298,1
361,7.220000,1781247051.248572350,1781247051.379228830,1781247051.379246950,1
362,7.240000,1781247051.382132053,1781247051.511048794,1781247051.511067390,1
363,7.260000,1781247051.514716387,1781247051.645067453,1781247051.645085812,1
364,7.280000,1781247051.648717880,1781247051.777588129,1781247051.777606964,1
365,7.300000,1781247051.781249046,1781247051.912388563,1781247051.912407398,1
366,7.320000,1781247051.915065289,1781247052.045089960,1781247052.045101643,1
367,7.340000,1781247052.047040224,1781247052.179075956,1781247052.179095030,1
368,7.360000,1781247052.182115316,1781247052.316565275,1781247052.316576481,1
369,7.380000,1781247052.318495035,1781247052.446232557,1781247052.446250200,1
370,7.400000,1781247052.449934483,1781247052.578439951,1781247052.578452110,1
371,7.420000,1781247052.580526590,1781247052.712734938,1781247052.712752819,1
372,7.440000,1781247052.714867115,1781247052.845485926,1781247052.845503807,1
373,7.460000,1781247052.848728418,1781247052.979989529,1781247052.980000257,1
374,7.480000,1781247052.982009172,1781247053.111438036,1781247053.111457825,1
375,7.500000,1781247053.115048647,1781247053.245574951,1781247053.245593309,1
376,7.520000,1781247053.249214411,1781247053.385250807,1781247053.385268927,1
377,7.540000,1781247053.388667583,1781247053.531524897,1781247053.531542540,1
378,7.560000,1781247053.535117865,1781247053.663495779,1781247053.663513184,1
379,7.580000,1781247053.665721655,1781247053.796534777,1781247053.796551943,1
380,7.600000,1781247053.800143719,1781247053.931188822,1781247053.931206226,1
381,7.620000,1781247053.934889317,1781247054.062712431,1781247054.062723875,1
382,7.640000,1781247054.064642191,1781247054.196027040,1781247054.196045637,1
383,7.660000,1781247054.198972702,1781247054.334377289,1781247054.334395170,1
384,7.680000,1781247054.337095976,1781247054.466423273,1781247054.466433287,1
385,7.700000,1781247054.468295336,1781247054.597373247,1781247054.597383738,1
386,7.720000,1781247054.599307775,1781247054.730872869,1781247054.730884552,1
387,7.740000,1781247054.732877731,1781247054.864017725,1781247054.864035606,1
388,7.760000,1781247054.866452694,1781247054.998063087,1781247054.998080730,1
389,7.780000,1781247055.001056910,1781247055.133432865,1781247055.133454323,1
390,7.800000,1781247055.137294531,1781247055.265315056,1781247055.265334129,1
391,7.820000,1781247055.268936634,1781247055.399644136,1781247055.399665356,1
392,7.840000,1781247055.403313875,1781247055.533190250,1781247055.533208609,1
393,7.860000,1781247055.536833048,1781247055.666763306,1781247055.666785002,1
394,7.880000,1781247055.669923544,1781247055.799801111,1781247055.799819231,1
395,7.900000,1781247055.803453445,1781247055.933417797,1781247055.933436155,1
396,7.920000,1781247055.936235189,1781247056.067976475,1781247056.067994833,1
397,7.940000,1781247056.070456505,1781247056.204507113,1781247056.204524517,1
398,7.960000,1781247056.207687378,1781247056.353154898,1781247056.353173494,1
399,7.980000,1781247056.356808424,1781247056.484332323,1781247056.484345436,1
400,8.000000,1781247056.486338854,1781247056.617015839,1781247056.617027521,1
401,8.020000,1781247056.618987322,1781247056.751432180,1781247056.751450300,1
402,8.040000,1781247056.754597425,1781247056.884468317,1781247056.884487152,1
403,8.060000,1781247056.888169527,1781247057.017076492,1781247057.017090797,1
404,8.080000,1781247057.019163370,1781247057.151290655,1781247057.151309729,1
405,8.100000,1781247057.153630733,1781247057.286229610,1781247057.286247730,1
406,8.120000,1781247057.289622307,1781247057.457847595,1781247057.457860708,1
407,8.140000,1781247057.460043669,1781247057.604207039,1781247057.604225397,1
408,8.160000,1781247057.606548786,1781247057.737581730,1781247057.737600803,1
409,8.180000,1781247057.740454674,1781247057.874130249,1781247057.874148369,1
410,8.200000,1781247057.877054453,1781247058.024109125,1781247058.024120331,1
411,8.220000,1781247058.027414083,1781247058.169341803,1781247058.169353008,1
412,8.240000,1781247058.171484232,1781247058.310708761,1781247058.310728788,1
413,8.260000,1781247058.314408541,1781247058.458444834,1781247058.458463192,1
414,8.280000,1781247058.460712194,1781247058.606364727,1781247058.606377363,1
415,8.300000,1781247058.608432293,1781247058.737407446,1781247058.737425804,1
416,8.320000,1781247058.740215540,1781247058.879480600,1781247058.879493475,1
417,8.340000,1781247058.881604671,1781247059.020569563,1781247059.020580769,1
418,8.360000,1781247059.022582531,1781247059.151849270,1781247059.151868343,1
419,8.380000,1781247059.155453920,1781247059.284706593,1781247059.284725666,1
420,8.400000,1781247059.288372517,1781247059.423676014,1781247059.423695326,1
421,8.420000,1781247059.426174879,1781247059.557934523,1781247059.557945251,1
422,8.440000,1781247059.559954166,1781247059.703884840,1781247059.703902721,1
423,8.460000,1781247059.706343174,1781247059.837013006,1781247059.837030888,1
424,8.480000,1781247059.839517355,1781247059.972640753,1781247059.972652435,1
425,8.500000,1781247059.974535465,1781247060.123361826,1781247060.123373508,1
426,8.520000,1781247060.125392914,1781247060.254690409,1781247060.254708290,1
427,8.540000,1781247060.257753611,1781247060.386204720,1781247060.386216402,1
428,8.560000,1781247060.388211012,1781247060.519035816,1781247060.519049883,1
429,8.580000,1781247060.521047354,1781247060.653752327,1781247060.653763771,1
430,8.600000,1781247060.655734539,1781247060.790487528,1781247060.790507317,1
431,8.620000,1781247060.792619467,1781247060.922818422,1781247060.922837257,1
432,8.640000,1781247060.925104141,1781247061.054429293,1781247061.054448128,1
433,8.660000,1781247061.057106495,1781247061.187252045,1781247061.187264442,1
434,8.680000,1781247061.189300060,1781247061.322258711,1781247061.322277546,1
435,8.700000,1781247061.324637175,1781247061.457856655,1781247061.457875252,1
436,8.720000,1781247061.460869789,1781247061.589309216,1781247061.589327574,1
437,8.740000,1781247061.593007803,1781247061.720618963,1781247061.720629930,1
438,8.760000,1781247061.722683430,1781247061.858350992,1781247061.858370543,1
439,8.780000,1781247061.860669851,1781247061.988358259,1781247061.988376856,1
440,8.800000,1781247061.991118670,1781247062.124241829,1781247062.124262571,1
441,8.820000,1781247062.127938747,1781247062.258417368,1781247062.258437157,1
442,8.840000,1781247062.260750771,1781247062.388820171,1781247062.388839483,1
443,8.860000,1781247062.392489910,1781247062.522548914,1781247062.522560835,1
444,8.880000,1781247062.524557352,1781247062.655540705,1781247062.655551910,1
445,8.900000,1781247062.657581568,1781247062.807226896,1781247062.807246685,1
446,8.920000,1781247062.809586525,1781247062.944851398,1781247062.944871187,1
447,8.940000,1781247062.948623657,1781247063.090994358,1781247063.091012716,1
448,8.960000,1781247063.093445778,1781247063.235821486,1781247063.235835075,1
449,8.980000,1781247063.237790108,1781247063.375903845,1781247063.375921965,1
450,9.000000,1781247063.379525185,1781247063.536636829,1781247063.536656141,1
451,9.020000,1781247063.540323496,1781247063.679012299,1781247063.679029942,1
452,9.040000,1781247063.681940794,1781247063.832924128,1781247063.832937717,1
453,9.060000,1781247063.835005760,1781247063.974963427,1781247063.974981546,1
454,9.080000,1781247063.977697611,1781247064.105471373,1781247064.105489731,1
455,9.100000,1781247064.109102011,1781247064.241164207,1781247064.241181850,1
456,9.120000,1781247064.244482279,1781247064.373940945,1781247064.373952150,1
457,9.140000,1781247064.375908375,1781247064.505720854,1781247064.505732775,1
458,9.160000,1781247064.507695913,1781247064.640424013,1781247064.640435934,1
459,9.180000,1781247064.642345428,1781247064.772575378,1781247064.772593737,1
460,9.200000,1781247064.775749445,1781247064.907672882,1781247064.907691479,1
461,9.220000,1781247064.911364555,1781247065.043137789,1781247065.043155670,1
462,9.240000,1781247065.046732903,1781247065.175745964,1781247065.175763369,1
463,9.260000,1781247065.177989721,1781247065.308827400,1781247065.308845997,1
464,9.280000,1781247065.312458038,1781247065.441304922,1781247065.441323757,1
465,9.300000,1781247065.445075750,1781247065.573472977,1781247065.573492289,1
466,9.320000,1781247065.577147484,1781247065.710584164,1781247065.710602283,1
467,9.340000,1781247065.713765860,1781247065.841324329,1781247065.841342926,1
468,9.360000,1781247065.844965458,1781247065.976324320,1781247065.976335526,1
469,9.380000,1781247065.978331327,1781247066.113118887,1781247066.113137960,1
470,9.400000,1781247066.116727352,1781247066.259302139,1781247066.259319544,1
471,9.420000,1781247066.262940407,1781247066.391967535,1781247066.391985893,1
472,9.440000,1781247066.395668030,1781247066.527163982,1781247066.527181625,1
473,9.460000,1781247066.530838251,1781247066.660837889,1781247066.660849810,1
474,9.480000,1781247066.662833929,1781247066.793644905,1781247066.793655872,1
475,9.500000,1781247066.795596123,1781247066.926812887,1781247066.926832914,1
476,9.520000,1781247066.929323673,1781247067.066888094,1781247067.066906452,1
477,9.540000,1781247067.070694923,1781247067.215449810,1781247067.215467691,1
478,9.560000,1781247067.218283415,1781247067.360618830,1781247067.360630035,1
479,9.580000,1781247067.362553596,1781247067.493683338,1781247067.493694544,1
480,9.600000,1781247067.495581388,1781247067.628160477,1781247067.628171682,1
481,9.620000,1781247067.630048513,1781247067.761186600,1781247067.761197329,1
482,9.640000,1781247067.763143778,1781247067.893912554,1781247067.893923998,1
483,9.660000,1781247067.896037817,1781247068.030712605,1781247068.030732393,1
484,9.680000,1781247068.034355879,1781247068.184166431,1781247068.184185028,1
485,9.700000,1781247068.188019037,1781247068.328254223,1781247068.328271866,1
486,9.720000,1781247068.331635714,1781247068.460280895,1781247068.460299492,1
487,9.740000,1781247068.463907242,1781247068.595589399,1781247068.595601082,1
488,9.760000,1781247068.597622633,1781247068.726612568,1781247068.726624012,1
489,9.780000,1781247068.728614092,1781247068.892257214,1781247068.892269135,1
490,9.800000,1781247068.894159317,1781247069.026612997,1781247069.026631594,1
491,9.820000,1781247069.028863907,1781247069.160194874,1781247069.160206318,1
492,9.840000,1781247069.162145138,1781247069.293962955,1781247069.293974638,1
493,9.860000,1781247069.295946121,1781247069.428321838,1781247069.428340197,1
494,9.880000,1781247069.431023598,1781247069.562953234,1781247069.562964678,1
495,9.900000,1781247069.564984798,1781247069.765831232,1781247069.765850782,1
496,9.920000,1781247069.769549131,1781247069.915647745,1781247069.915662289,1
497,9.940000,1781247069.917727470,1781247070.048537254,1781247070.048549175,1
498,9.960000,1781247070.050470352,1781247070.182033777,1781247070.182054758,1
499,9.980000,1781247070.185645103,1781247070.339614868,1781247070.339626312,1
500,10.000000,1781247070.341664076,1781247070.479948521,1781247070.479967594,1
501,10.020000,1781247070.483632803,1781247070.613451242,1781247070.613464355,1
502,10.040000,1781247070.615425825,1781247070.747362375,1781247070.747381210,1
503,10.060000,1781247070.749594212,1781247070.913623095,1781247070.913634062,1
504,10.080000,1781247070.915639877,1781247071.047888756,1781247071.047899961,1
505,10.100000,1781247071.050000906,1781247071.182328224,1781247071.182347059,1
506,10.120000,1781247071.186068296,1781247071.335155487,1781247071.335167408,1
507,10.140000,1781247071.337360859,1781247071.480803251,1781247071.480829000,1
508,10.160000,1781247071.482819796,1781247071.623676062,1781247071.623687983,1
509,10.180000,1781247071.625649214,1781247071.770574093,1781247071.770594835,1
510,10.200000,1781247071.774337769,1781247071.924099922,1781247071.924111843,1
511,10.220000,1781247071.926072359,1781247072.117740870,1781247072.117759705,1
512,10.240000,1781247072.121389389,1781247072.283563614,1781247072.283581495,1
513,10.260000,1781247072.287230253,1781247072.417738676,1781247072.417753696,1
514,10.280000,1781247072.420924187,1781247072.564214468,1781247072.564225674,1
515,10.300000,1781247072.566245794,1781247072.698019266,1781247072.698035002,1
516,10.320000,1781247072.701050043,1781247072.865355492,1781247072.865366697,1
517,10.340000,1781247072.867306232,1781247072.998793364,1781247072.998812437,1
518,10.360000,1781247073.002454042,1781247073.132406712,1781247073.132425308,1
519,10.380000,1781247073.135249615,1781247073.265743732,1781247073.265754223,1
520,10.400000,1781247073.267861366,1781247073.400760174,1781247073.400785923,1
521,10.420000,1781247073.404497147,1781247073.536064863,1781247073.536083221,1
522,10.440000,1781247073.538922548,1781247073.683589935,1781247073.683608055,1
523,10.460000,1781247073.685697079,1781247073.815324068,1781247073.815342665,1
524,10.480000,1781247073.818068027,1781247073.949245691,1781247073.949264288,1
525,10.500000,1781247073.951547623,1781247074.081332684,1781247074.081351280,1
526,10.520000,1781247074.083818674,1781247074.219889641,1781247074.219908237,1
527,10.540000,1781247074.223418474,1781247074.365654230,1781247074.365664959,1
528,10.560000,1781247074.367646933,1781247074.499998093,1781247074.500016689,1
529,10.580000,1781247074.503632069,1781247074.633210897,1781247074.633222103,1
530,10.600000,1781247074.635379553,1781247074.766663313,1781247074.766674995,1
531,10.620000,1781247074.768812180,1781247074.898941278,1781247074.898959637,1
532,10.640000,1781247074.902548552,1781247075.033125401,1781247075.033143282,1
533,10.660000,1781247075.036789417,1781247075.167910099,1781247075.167928934,1
534,10.680000,1781247075.171924591,1781247075.302942753,1781247075.302961349,1
535,10.700000,1781247075.305983305,1781247075.434352875,1781247075.434364080,1
536,10.720000,1781247075.436518908,1781247075.568272114,1781247075.568290710,1
537,10.740000,1781247075.571002007,1781247075.702666521,1781247075.702684879,1
538,10.760000,1781247075.704760790,1781247075.834499836,1781247075.834519625,1
539,10.780000,1781247075.837180853,1781247075.970381260,1781247075.970394373,1
540,10.800000,1781247075.972384930,1781247076.101941347,1781247076.101952314,1
541,10.820000,1781247076.103941441,1781247076.235397816,1781247076.235409737,1
542,10.840000,1781247076.237421989,1781247076.368228436,1781247076.368239880,1
543,10.860000,1781247076.370239496,1781247076.501326561,1781247076.501344681,1
544,10.880000,1781247076.505024672,1781247076.637004375,1781247076.637017965,1
545,10.900000,1781247076.639107227,1781247076.768480778,1781247076.768492222,1
546,10.920000,1781247076.770422697,1781247076.902346134,1781247076.902364731,1
547,10.940000,1781247076.905024767,1781247077.035154104,1781247077.035171509,1
548,10.960000,1781247077.038778543,1781247077.167529821,1781247077.167541742,1
549,10.980000,1781247077.169531584,1781247077.302192926,1781247077.302210808,1
550,11.000000,1781247077.305031538,1781247077.434418678,1781247077.434437990,1
551,11.020000,1781247077.436914921,1781247077.568619967,1781247077.568633080,1
552,11.040000,1781247077.570707560,1781247077.718911171,1781247077.718929291,1
553,11.060000,1781247077.721340656,1781247077.854253769,1781247077.854271412,1
554,11.080000,1781247077.856551886,1781247077.986577511,1781247077.986590862,1
555,11.100000,1781247077.988641024,1781247078.126898527,1781247078.126919985,1
556,11.120000,1781247078.129094124,1781247078.277438641,1781247078.277459860,1
557,11.140000,1781247078.280395269,1781247078.422904253,1781247078.422926664,1
558,11.160000,1781247078.425603390,1781247078.579659939,1781247078.579680681,1
559,11.180000,1781247078.582949877,1781247078.726942301,1781247078.726962328,1
560,11.200000,1781247078.729560852,1781247078.875260592,1781247078.875274420,1
561,11.220000,1781247078.877532721,1781247079.023017406,1781247079.023034334,1
562,11.240000,1781247079.026487350,1781247079.171300173,1781247079.171312332,1
563,11.260000,1781247079.173292398,1781247079.306210279,1781247079.306251526,1
564,11.280000,1781247079.308348656,1781247079.438695192,1781247079.438715696,1
565,11.300000,1781247079.442326546,1781247079.571563005,1781247079.571581125,1
566,11.320000,1781247079.575202465,1781247079.705631018,1781247079.705648899,1
567,11.340000,1781247079.709255695,1781247079.840042353,1781247079.840054274,1
568,11.360000,1781247079.841986656,1781247079.973159313,1781247079.973178148,1
569,11.380000,1781247079.976559877,1781247080.123227358,1781247080.123238087,1
570,11.400000,1781247080.125159979,1781247080.256421328,1781247080.256440163,1
571,11.420000,1781247080.260154009,1781247080.406034231,1781247080.406052113,1
572,11.440000,1781247080.408472061,1781247080.539528131,1781247080.539545536,1
573,11.460000,1781247080.541865826,1781247080.672532797,1781247080.672551394,1
574,11.480000,1781247080.676301241,1781247080.806498051,1781247080.806515932,1
575,11.500000,1781247080.809647799,1781247080.938298225,1781247080.938316345,1
576,11.520000,1781247080.941942692,1781247081.072625399,1781247081.072643042,1
577,11.540000,1781247081.075749159,1781247081.206841230,1781247081.206860065,1
578,11.560000,1781247081.209360123,1781247081.337943792,1781247081.337961435,1
579,11.580000,1781247081.341562271,1781247081.473202705,1781247081.473221540,1
580,11.600000,1781247081.476768255,1781247081.607080460,1781247081.607097387,1
581,11.620000,1781247081.610069036,1781247081.739541292,1781247081.739560127,1
582,11.640000,1781247081.741706133,1781247081.874106884,1781247081.874124765,1
583,11.660000,1781247081.877808809,1781247082.008706093,1781247082.008723736,1
584,11.680000,1781247082.012398243,1781247082.158603668,1781247082.158620834,1
585,11.700000,1781247082.160706043,1781247082.289833784,1781247082.289851427,1
586,11.720000,1781247082.292309523,1781247082.424237967,1781247082.424255848,1
587,11.740000,1781247082.427910089,1781247082.556879520,1781247082.556898594,1
588,11.760000,1781247082.559858799,1781247082.695142746,1781247082.695154905,1
589,11.780000,1781247082.697195053,1781247082.840914965,1781247082.840933084,1
590,11.800000,1781247082.843913078,1781247082.976118326,1781247082.976135969,1
591,11.820000,1781247082.978753328,1781247083.109804869,1781247083.109823227,1
592,11.840000,1781247083.112881660,1781247083.247988462,1781247083.248005867,1
593,11.860000,1781247083.251743793,1781247083.391444683,1781247083.391462803,1
594,11.880000,1781247083.395083666,1781247083.524265051,1781247083.524283409,1
595,11.900000,1781247083.527884960,1781247083.657501698,1781247083.657521486,1
596,11.920000,1781247083.660330057,1781247083.791379452,1781247083.791398764,1
597,11.940000,1781247083.794118881,1781247083.926641464,1781247083.926660538,1
598,11.960000,1781247083.929905415,1781247084.079105139,1781247084.079123020,1
599,11.980000,1781247084.082860947,1781247084.228690863,1781247084.228708982,1
